{"S-Skills":{"X":true,"C":true,"Z":true,"F":false,"V":true},"DracoTrial":false,"ChestTween":false,"S-Aura":"nil","Raid":false,"S-BringMobs":true,"Stats-Defense":false,"R-BuyChip":false,"M-Health":25,"Citizen":false,"Stats-Gun":false,"SoulReaper":false,"M-WalkOnWater":true,"S-Fish":{"Shark":true,"Terrorshark":true,"Fish Crew Member":true,"Sea Beast":false,"Piranha":true},"AllBosses":false,"S-TweenSpeed":200,"BossSelected":false,"MirageFruitDealer":false,"UIScale":"Large","Material":false,"AuraColor":false,"Sea":false,"F-RandomFruit":false,"LavaGolem":false,"Stats-Melee":false,"RainbowHaki":false,"P-Stats":100,"S-BoatSpeed":250,"S-AutoShoot":false,"Mastery":false,"FarmTool":"Melee","Esp-Chests":false,"S-QuestDenounce":false,"A-Stats":true,"PrehistoricIsland":false,"B-Selected":"nil","BerryBush":false,"CursedDualKatana":false,"Tushita":false,"Yama":false,"F-AutoStore":false,"Esp-Fruits":false,"CraftVolcanicMagnet":false,"EliteHunter":true,"Esp-Berry":false,"Bones":false,"Stats-Sword":true,"DojoTrainer":false,"M-AntiAFK":true,"R-RaidChip":"","Nearest":false,"S-AutoClick":true,"Esp-Players":false,"P-Reset":false,"S-SeaLevel":"6","S-BringDistance":250,"B-Quest":true,"S-Boat":{"PirateBrigade":false,"PirateGrandBrigade":false,"FishBoat":false,"GhostShip":false},"Stats-Demon Fruit":false,"M-DamageCounter":false,"S-CraftHop":false,"S-RaceV4":false,"RipIndra":false,"S-AutoBuso":true,"S-RaceV3":false,"Fruits":false,"PirateRaid":false,"M-Notifications":false,"Level":true,"Esp-Island":false,"S-Distance":15,"MirageLookMoon":false,"S-Material":"nil","SmoothFarm":false,"A-Amount":20,"S-FarmMode":"Orbit","CakePrince":false,"PrehistoricBones":false,"PrehistoricEgg":false,"A-TweenBoat":true,"DoughKing":false,"R-Unstore":false,"Leviathan":false,"M-Skills":{"X":true,"C":true,"Z":true,"F":false,"V":true},"TeleportMirage":false,"DracoV2V3":false,"MirageGear":false,"KitsuneIsland":false,"M-Tool":"Blox Fruit","DragonHunter":false,"S-BerryHop":false}